url,status,last_checked,author,home,id,note
https://www.yunyoujun.cn/atom.xml,active,2026-06-26T14:56:20Z,云游君的小站,https://www.yunyoujun.cn/,db48f34cc44064e17537cf8c4dcbcea5,
https://4ark.me/rss.xml,active,2026-06-26T14:56:20Z,4Ark,https://4ark.me/,69cd108ccdfc0b72d74d0d682d4c88c7,
https://nicksxs.me/atom.xml,active,2026-06-26T14:56:20Z,Nicksxs's Blog,https://nicksxs.me/,57dcbef78f144662ff9cbbe21ca040cb,
https://blog.ichr.me/atom.xml,active,2026-06-26T14:56:20Z,ChrAlpha's Blog,https://blog.ichr.me/,1da45a6d6e5febefe9aa415552c3e4d8,
https://www.mobaijun.com/atom.xml,active,2026-06-26T14:56:20Z,框架師,https://www.mobaijun.com/,087c51905f87f625bc8c38bec6eaa0b1,
https://frankorz.com/atom.xml,active,2026-06-26T14:56:21Z,萤火之森,http://frankorz.com/,cdd80b9e35e01cfa54275d0ffbc3ff79,
https://luotianyi.vc/feed,active,2026-06-26T14:56:23Z,Luminous' Home,https://luotianyi.vc,f1e8f6175a22a265e4702396900fe14c,
https://lutaonan.com/rss.xml,active,2026-06-26T14:56:23Z,Randy's Blog,https://lutaonan.com,fcfa3fdda888df5d25b9f78f72feb89e,
https://102no.com/atom.xml,active,2026-06-26T14:56:24Z,把酒诗代码,https://102no.com/,e594065ff1cbfad93c8a08f84c61c2ab,
https://lepture.com/feed.xml,active,2026-06-26T14:56:24Z,Just lepture,https://lepture.com/,a809118c03b49d86f09f8c1d69bbe5f0,
https://jiajunhuang.com/rss,active,2026-06-26T14:56:25Z,Jiajun的技术笔记,https://jiajunhuang.com,0c10eba1b51877aa063e1eba801dcec9,
https://frank2019.me/rss.xml,active,2026-06-26T14:56:46Z,Frank笔记,https://frank2019.me,f1d31940496f875722ee7f1eea9921d0,
https://www.ntiy.com/feed,active,2026-06-26T14:56:46Z,非理勿试,https://www.ntiy.com,f6d96bd7abe4ff3588fc76a35f087b9d,
https://www.binwang.me/feed.xml,active,2026-06-26T14:57:07Z,Bin Wang - My Personal Blog,https://www.binwang.me/,1c2032ff7ca39834b2557bd79e25c281,
https://draveness.me/feed.xml,active,2026-06-26T14:57:08Z,面向信仰编程,https://draven.co/,c0e86a0b460c7dbd8cab2119297ed214,
https://blog.xsnet.eu.org/atom.xml,active,2026-06-26T14:57:16Z,SinGO博客,https://blog.xsnet.eu.org/,83c93f31908024b05c17db2dbeab3e80,
https://www.macin.org/atom.xml,active,2026-06-26T14:57:17Z,Macin,https://macin.org/,528b9510e809b50ee08b08e91ae19aca,
https://muidar.com/feed,active,2026-06-26T14:57:21Z,cmWeblog,https://muidar.com,b7df8b0cf19752e92a650eb8c2043c4f,
https://physnya.top/atom.xml,active,2026-06-26T14:57:58Z,菲兹克斯喵,https://physnya.top/,e05b79b6ed18ebd8ab700e4b296bf836,
https://www.icl.site/atom.xml,active,2026-06-26T14:57:59Z,谋生者 ICL,https://www.icl.site/,143bb0bbc1c77527b7d24d9db8006ff0,
https://wuminboke.site/feed,active,2026-06-26T14:58:00Z,无名博客,https://wuminboke.site,cd39b232b5688a3f71fbc3089611043b,
https://www.xwenming.com/index.php/feed,active,2026-06-26T14:58:02Z,未知文明,https://www.xwenming.com,fa603cfa269b3d396ed44f85507dbe51,
https://lhasa.icu/rss.xml,active,2026-06-26T14:58:05Z,游钓四方,https://blog.lhasa.icu/,b748e808f3765126162020f48d442491,
https://xiangyugongzuoliu.com/latest/rss,active,2026-06-26T14:58:07Z,翔宇工作流,https://xiangyugongzuoliu.com/,9b4d52b09a02f40f055da3604114a14e,
https://www.weisay.com/blog/feed,active,2026-06-26T14:58:08Z,威言威语,https://www.weisay.com/blog,d784852781a2b92ae796d60487b4aa19,
https://imcbc.cn/index.xml,inactive,2026-06-27T07:29:08Z,ImCBC,https://imcbc.cn/,94e3c321e306a2b0f69dd396b6a2e982,replaced by https://caibingcheng.com/index.xml at 2026-06-27T07:29:08Z
https://lewky.cn/index.xml,active,2026-06-26T15:27:46Z,Yulin Lewis' Blog,https://lewky.cn/,72b8604ff31e7ec0625631db8fdf66d9,
https://www.insidentally.com/atom.xml,active,2026-06-26T15:27:46Z,无妄当自持,https://www.insidentally.com/,d9ca9b65c62841262beb46b3825c1767,
https://7bxing.com/atom.xml,active,2026-06-26T15:27:46Z,qinxs小站,https://7bxing.com/,6c679d7266ea42cacef1b63e9e4c30db,
https://dusays.com/atom.xml,active,2026-06-26T15:28:14Z,杜老师说,https://dusays.com/,e579b42db287fe1d50e0c2d951476251,
https://blog.dearxuan.com/atom.xml,active,2026-06-26T15:28:14Z,DearXuan的主页,https://blog.dearxuan.com/,65e72397369835826c7489d6e36a221e,
https://hin.cool/atom.xml,active,2026-06-26T15:28:16Z,瓦解的生活记事,https://hin.cool/,5782dfc640eda63ba553073c2a8f934e,
https://thiscute.world/index.xml,active,2026-06-26T15:28:17Z,This Cute World,https://thiscute.world/,de055ce308bb5221b80d3c26babea8ec,
https://cywhat.cn/index.xml,active,2026-06-26T15:28:18Z,cywhat's blog,https://cywhat.cn/,4ad6b970eb1e546475e1a63a9e78329c,
https://panqiincs.me/atom.xml,active,2026-06-26T15:28:18Z,辛未羊的网络日志,https://panqiincs.me/,9feee41f60693cd434311961e70be51b,
https://caibingcheng.com/index.xml,active,2026-06-27T07:29:08Z,ImCBC,https://imcbc.cn/,94e3c321e306a2b0f69dd396b6a2e982,replaces https://imcbc.cn/index.xml
