title,author,link,home,rss,date,timestamp,test,tags
cron表达式,Yulin Lewis' Blog,https://lewky.cn/posts/cron/,https://lewky.cn/,https://lewky.cn/index.xml,2025-03-06,1741276355.0,,
cron表达式,Yulin Lewis' Blog,https://lewky.cn/posts/cron,https://lewky.cn,https://lewky.cn/index.xml,2025-03-06,1741276355.0,,
Linux 下将浏览器缓存放到内存，并在登录登出时进行同步,无妄当自持,https://www.insidentally.com/articles/000040,https://www.insidentally.com,https://www.insidentally.com/atom.xml,2024-04-05,1712329662.0,,
Mac修改brew源,cywhat's blog,https://cywhat.cn/Mac%E4%BF%AE%E6%94%B9brew%E6%BA%90/,https://cywhat.cn/,https://cywhat.cn/index.xml,2024-02-27,1709017157.0,,
Mac修改brew源,cywhat's blog,https://cywhat.cn/Mac%E4%BF%AE%E6%94%B9brew%E6%BA%90,https://cywhat.cn,https://cywhat.cn/index.xml,2024-02-27,1709017157.0,,
本博客已停止更新,SinGO博客,https://blog.xsnet.eu.org/posts/11275,https://blog.xsnet.eu.org,https://blog.xsnet.eu.org/atom.xml,2023-01-13,1673598386.0,,
本博客已停止更新,SinGO博客,https://blog.xsnet.eu.org/posts/11275/,https://blog.xsnet.eu.org/,https://blog.xsnet.eu.org/atom.xml,2023-01-13,1673598386.0,,
Bilibili 2022 技术对抗赛 Write-up,FlyingSky's Blog,https://blog.fsky7.com/technology/87,https://blog.fsky7.com,https://blog.fsky7.com/feed,2022-11-01,1667275200.0,,
Kubernetes、集群联邦和资源分发,面向信仰编程,https://draven.co//kuberentes-federation,https://draven.co/,https://draveness.me/feed.xml,2022-03-19,1647648000.0,,
Win32 API编程——前言,qinxs小站,https://7bxing.com/posts/67bdf631/,https://7bxing.com/,https://7bxing.com/atom.xml,2022-02-26,1645875801.0,,
Win32 API编程——前言,qinxs小站,https://7bxing.com/posts/67bdf631,https://7bxing.com,https://7bxing.com/atom.xml,2022-02-26,1645875801.0,,
Rust 学习资源,萤火之森,http://frankorz.com/2022/01/18/rust-study-resource/,http://frankorz.com/,https://frankorz.com/atom.xml,2022-01-18,1642514504.0,,
Rust 学习资源,萤火之森,http://frankorz.com/2022/01/18/rust-study-resource,http://frankorz.com,https://frankorz.com/atom.xml,2022-01-18,1642514504.0,,
