title,author,link,home,rss,date,timestamp
吉隆坡的旧书店,Macin,https://macin.org/2024/11/25/ji-long-po-shu-dian/,https://macin.org/,https://www.macin.org/atom.xml,2024-11-25,1732568306.0
Calibre-web 数据库路径和下载权限 500 Internal Server Error 问题,Another Dayu,https://anotherdayu.com/2024/6157/,https://anotherdayu.com,https://anotherdayu.com/?feed=rss,2024-11-25,1732515795.0
2024年的付费墙,Another Dayu,https://anotherdayu.com/2024/6154/,https://anotherdayu.com,https://anotherdayu.com/?feed=rss,2024-11-25,1732506910.0
越 过 山 丘,瓦解的生活记事,https://hin.cool/posts/yueguoshanqiu.html,https://hin.cool/,https://www.hin.cool/atom.xml,2024-11-25,1732492800.0
grep小技巧之匹配到二进制文件,Nicksxs's Blog,https://nicksxs.me/2024/11/24/grep%E5%B0%8F%E6%8A%80%E5%B7%A7%E4%B9%8B%E5%8C%B9%E9%85%8D%E5%88%B0%E4%BA%8C%E8%BF%9B%E5%88%B6%E6%96%87%E4%BB%B6/,https://nicksxs.me/,https://nicksxs.me/atom.xml,2024-11-24,1732451419.0
2024-11小记,汐塔魔法屋,https://blog.sinzmise.top/posts/61713/,https://blog.sinzmise.top/,https://blog.sinzmise.top/atom.xml,2024-11-24,1732445299.0
2024-11小记,绘星里,/posts/61713/,/,https://blog.storical.space/atom.xml,2024-11-24,1732445299.0
2024-11小记,绘星里,https://blog.storical.fun/posts/61713/,https://blog.storical.fun/,https://blog.storical.space/atom.xml,2024-11-24,1732445299.0
2024-11小记,汐塔魔法屋,https://blog.storical.space/posts/61713,https://blog.storical.space,https://blog.storical.space/atom.xml,2024-11-24,1732445299.0
目前使用的 WordPress 插件,Another Dayu,https://anotherdayu.com/2024/6150/,https://anotherdayu.com,https://anotherdayu.com/?feed=rss,2024-11-24,1732435144.0
【Tailscale】DERPer中继从源码的搭建及Headscale导入,Luminous' Home,https://luotianyi.vc/8661.html,https://luotianyi.vc,https://luotianyi.vc/feed,2024-11-23,1732339226.0
公告：博客维护,Another Dayu,https://anotherdayu.com/2024/6147/,https://anotherdayu.com,https://anotherdayu.com/?feed=rss,2024-11-23,1732330987.0
最佳代理实践之 Nexitally (2024-11-23),Andy Stewart,//manateelazycat.github.io/2024/11/23/best-proxy/,//manateelazycat.github.io/,https://manateelazycat.github.io/feed.xml,2024-11-22,1732291200.0
炒细米粉🍝,把酒诗代码,https://102no.com/2024/11/22/chao-xi-mi-fen/,https://102no.com/,https://102no.com/atom.xml,2024-11-22,1732233600.0
热干面🍜,把酒诗代码,https://102no.com/2024/11/20/re-gan-mian/,https://102no.com/,https://102no.com/atom.xml,2024-11-20,1732060800.0
自建DERP服务器提升Tailscale连接速度(使用Nginx转发),Jiajun的技术笔记,https://jiajunhuang.com/articles/2024_11_20-tailscale_derp.md.html,https://jiajunhuang.com,https://jiajunhuang.com/rss,2024-11-20,1732060800.0
从个体绝望到社会危机：透视近期无差别袭击事件,Frank笔记,https://frank2019.me/archives/cong-ge-ti-jue-wang-dao-she-hui-wei-ji-tou-shi-jin-qi-wu-chai-bie-xi-ji-shi-jian,https://frank2019.me,https://frank2019.me/rss.xml,2024-11-18,1731966783.0
initx 存储模块,怠惰のコエ - imba久期 BLOG,https://imba97.cn/archives/794/,https://imba97.cn/,https://imba97.cn/atom.xml,2024-11-18,1731960008.0
initx 存储模块,imba97,https://imba97.com/posts/794,https://imba97.com/,https://imba97.cn/atom.xml,2024-11-18,1731960008.0
第一次推特被封锁,Andy Stewart,//manateelazycat.github.io/2024/11/19/twitter-account/,//manateelazycat.github.io/,https://manateelazycat.github.io/feed.xml,2024-11-18,1731945600.0
initx 存储模块,怠惰のコエ - imba久期 BLOG,https://imba97.com/archives/794/,https://imba97.com/,https://imba97.cn/atom.xml,2024-11-18,1731931208.0
多语言博客WordPress 插件 Polylang,Another Dayu,https://anotherdayu.com/2024/6129/,https://anotherdayu.com,https://anotherdayu.com/?feed=rss,2024-11-17,1731854901.0
聊聊最近 Lancet 上刊登的中药复方研究,Another Dayu,https://anotherdayu.com/2024/6096/,https://anotherdayu.com,https://anotherdayu.com/?feed=rss,2024-11-17,1731822166.0
Kagi 使用体验和近期更新：翻译、助手和与Perplexity的对比,Another Dayu,https://anotherdayu.com/2024/6093/,https://anotherdayu.com,https://anotherdayu.com/?feed=rss,2024-11-17,1731811811.0
蓦然回首,瓦解的生活记事,https://hin.cool/posts/moranhuishou.html,https://hin.cool/,https://www.hin.cool/atom.xml,2024-11-17,1731807600.0
java小技巧之获取调用来源,Nicksxs's Blog,https://nicksxs.me/2024/11/16/java%E5%B0%8F%E6%8A%80%E5%B7%A7%E4%B9%8B%E8%8E%B7%E5%8F%96%E8%B0%83%E7%94%A8%E6%9D%A5%E6%BA%90/,https://nicksxs.me/,https://nicksxs.me/atom.xml,2024-11-16,1731765675.0
戴尔显示屏（U2720QM）屏闪问题,Another Dayu,https://anotherdayu.com/2024/6090/,https://anotherdayu.com,https://anotherdayu.com/?feed=rss,2024-11-16,1731745283.0
向国内用户展示Twitter X和Instagram-WordPress插件,Another Dayu,https://anotherdayu.com/2024/6075/,https://anotherdayu.com,https://anotherdayu.com/?feed=rss,2024-11-16,1731740874.0
Fcitx 最佳配置实践 2024-11-16,Andy Stewart,//manateelazycat.github.io/2024/11/16/fcitx-best-config/,//manateelazycat.github.io/,https://manateelazycat.github.io/feed.xml,2024-11-15,1731686400.0
PIVOT Vol.10 写作、思考、辩论,Another Dayu,https://anotherdayu.com/2024/6059/,https://anotherdayu.com,https://anotherdayu.com/?feed=rss,2024-11-15,1731653891.0
上班摸鱼玩什么？,Another Dayu,https://anotherdayu.com/2024/6045/,https://anotherdayu.com,https://anotherdayu.com/?feed=rss,2024-11-14,1731574230.0
用自托管的 2FAuth 来做双因素身份验证,Andy Stewart,//manateelazycat.github.io/2024/11/14/2fauth/,//manateelazycat.github.io/,https://manateelazycat.github.io/feed.xml,2024-11-13,1731513600.0
【后端】使用 GitHub Action 自动推送 Docker 镜像,框架師,https://www.mobaijun.com/posts/2922523315.html,https://www.mobaijun.com/,https://www.mobaijun.com/atom.xml,2024-11-13,1731492452.0
Fcitx 最佳配置实践 2024-11-13,Andy Stewart,//manateelazycat.github.io/2024/11/13/fcitx-best-config/,//manateelazycat.github.io/,https://manateelazycat.github.io/feed.xml,2024-11-12,1731427200.0
【随笔】解决 hexo matery 主题卜算子统计失效异常,框架師,https://www.mobaijun.com/posts/2629378943.html,https://www.mobaijun.com/,https://www.mobaijun.com/atom.xml,2024-11-11,1731322978.0
【随笔】用 Python 轻松提取、合并和压缩 PDF 文件,框架師,https://www.mobaijun.com/posts/778845342.html,https://www.mobaijun.com/,https://www.mobaijun.com/atom.xml,2024-11-11,1731318048.0
雪兰莪州：出海口的萤火虫和蓝眼泪,Macin,https://macin.org/2024/11/10/xue-zhou-lan-yan-lei/,https://macin.org/,https://www.macin.org/atom.xml,2024-11-10,1731257062.0
技术创业者怎么拉投资,Andy Stewart,//manateelazycat.github.io/2024/11/11/entrepreneur-and-investor/,//manateelazycat.github.io/,https://manateelazycat.github.io/feed.xml,2024-11-10,1731254400.0
git小技巧之git cherry-pick,Nicksxs's Blog,https://nicksxs.me/2024/11/09/git%E5%B0%8F%E6%8A%80%E5%B7%A7%E4%B9%8Bgit-cherry-pick/,https://nicksxs.me/,https://nicksxs.me/atom.xml,2024-11-09,1731157874.0
第五次期中考试,cmWeblog,https://muidar.com/posts/cmuidar/the-fifth-mid-term-exam/,https://muidar.com,https://muidar.com/feed,2024-11-09,1731152523.0
中国留学生的三个阶段,Another Dayu,https://anotherdayu.com/2024/6027/,https://anotherdayu.com,https://anotherdayu.com/?feed=rss,2024-11-09,1731149206.0
已知部分点之间距离生成3维坐标,谋生者 I Create Life,https://www.icl.site/17356644206703.html,https://www.icl.site/,https://www.icl.site/atom.xml,2024-11-08,1731077691.0
网络小说,Another Dayu,https://anotherdayu.com/2024/6017/,https://anotherdayu.com,https://anotherdayu.com/?feed=rss,2024-11-08,1731044954.0
自动升级Docker容器,Jiajun的技术笔记,https://jiajunhuang.com/articles/2024_11_07-auto_upgrade_docker.md.html,https://jiajunhuang.com,https://jiajunhuang.com/rss,2024-11-07,1730937600.0
特朗普任期：全球影响与变革,Frank笔记,https://frank2019.me/archives/chuan-pu-shang-ren-dui-shi-jie-ying-xiang,https://frank2019.me,https://frank2019.me/rss.xml,2024-11-06,1730922981.0
三星 S23 Ultra,Andy Stewart,//manateelazycat.github.io/2024/11/07/samsung-s23-ultra/,//manateelazycat.github.io/,https://manateelazycat.github.io/feed.xml,2024-11-06,1730908800.0
研发要怎么写面试简历才能受面试官青睐？,Andy Stewart,//manateelazycat.github.io/2024/11/06/interview/,//manateelazycat.github.io/,https://manateelazycat.github.io/feed.xml,2024-11-05,1730822400.0
公告：网站被攻击了,Another Dayu,https://anotherdayu.com/2024/6014/,https://anotherdayu.com,https://anotherdayu.com/?feed=rss,2024-11-05,1730785361.0
吉隆坡：除了双子塔，一定要看看这些博物馆,Macin,https://macin.org/2024/11/04/ji-long-po-bo-wu-guan/,https://macin.org/,https://www.macin.org/atom.xml,2024-11-04,1730760963.0
Devonthink 出品的免费软件,Another Dayu,https://anotherdayu.com/2024/6010/,https://anotherdayu.com,https://anotherdayu.com/?feed=rss,2024-11-04,1730724121.0
